Workbook

Sheet README
A1: GRC Risk Register & Control Mapping
A2: Home-lab GRC portfolio artifact — mapped to ISO/IEC 27001:2022 Annex A
A4: How this workbook is structured
A5: -------------------------------
A6: 1. Assets Physical or data
A7: 2. Risks — threats/vulnerabilities against those assets, scored by likelihood x impact.
A8: 3. Controls Mapped to one ISO 27001 Annex A control.
A9: 4. Annex A Reference — the full list of all 93 Annex A controls (2022 revision), for lookup.
A11: Risk scoring key
A12: -----------------
A13: Likelihood (1-5): 1=Rare 2=Unlikely 3=Possible 4=Likely 5=Almost Certain
A14: Impact (1-5): 1=Negligible 2=Minor 3=Moderate 4=Major 5=Severe
... A20: - This register reflects a basic home lab setup and will be subject to updating as time goes on

Sheet Assets
A1: Asset Register
A2: List every system, device, or information asset in scope.
A4: Asset ID | B4: Asset Name | C4: Description | D4: Category | E4: Owner | F4: Location
A5: AST-001 | B5: Proxmox host (minipc) | C5: Hypervisor running Eramba, SQL sandbox, and lab VMs | D5: Hardware / Server | E5: Home lab admin | F5: Server Cupboard
A6: AST-002 | B6: Flint 2 Router - GL-MT6000 | C6: Home router providing internet access to the property | D6: Hardware | E6: Home lab admin | F6: Server Cupboard
A7: AST-003 | B7: ONT fibre box | C7: FTTP connection box | D7: Hardware | E7: Home lab admin / Internet provider | F7: Server Cupboard
A8: AST-004 | B8: Adguard on Proxmox | C8: Adguard running on proxmox, providing ad and malware blocking services | D8: Software | E8: Home Lab admin | F8: MiniPC

Sheet Annex A Reference
A1: ISO/IEC 27001:2022 Annex A — Full Control List
A2: All 93 controls across 4 themes. Reference only — do not edit.
A4: Control ID | B4: Theme | C4: Control Name
A5: A.5.1 | B5: Organisational | C5: Policies for information security
A6: A.5.2 | B6: Organisational | C6: Information security roles and responsibilities
A7: A.5.3 | B7: Organisational | C7: Segregation of duties
A8: A.5.4 | B8: Organisational | C8: Management responsibilities
A9: A.5.5 | B9: Organisational | C9: Contact with authorities
A10: A.5.6 | B10: Organisational | C10: Contact with special interest groups
A11: A.5.7 | B11: Organisational | C11: Threat intelligence
A12: A.5.8 | B12: Organisational | C12: Information security in project management
A13: A.5.9 | B13: Organisational | C13: Inventory of information and other associated assets
A14: A.5.10 | B14: Organisational | C14: Acceptable use of information and other associated assets
A15: A.5.11 | B15: Organisational | C15: Return of assets
... A97: A.8.34 | B97: Technological | C97: Protection of information systems during audit testing

Sheet Risks
A1: Risk Register
A2: One row per identified risk. Score and Rating calculate automatically.
A4: Risk ID | B4: Asset ID | C4: Risk Description | D4: Likelihood (1-5) | E4: Impact (1-5) | F4: Risk Score | G4: Risk Rating | H4: Risk Owner
A5: RSK-001 | B5: AST-002 | C5: Router firmware bug causes loss of network segmentation, exposing lab systems to the main LAN | D5: 2 | E5: 4 | F5: =D5*E5 -> 8 | G5: =IF(F5="","",IF(F5<=4,"Low",IF(F5<=9,"Medium",IF(F5<=14,"High","Critical")))) -> Medium | H5: Home lab admin
A6: RSK-002 | B6: AST-001 | C6: Hardware failure of the Proxmox host (MiniPC) resulting in loss of hosted services | D6: 2 | E6: 4 | F6: =IF(OR(D6="",E6=""),"",D6*E6) -> 8 | G6: =IF(F6="","",IF(F6<=4,"Low",IF(F6<=9,"Medium",IF(F6<=14,"High","Critical")))) -> Medium | H6: Home lab admin
A7: RSK-003 | B7: AST-004 | C7: Adguard stops running for multiple reasons | D7: 2 | E7: 1 | F7: =IF(OR(D7="",E7=""),"",D7*E7) -> 2 | G7: =IF(F7="","",IF(F7<=4,"Low",IF(F7<=9,"Medium",IF(F7<=14,"High","Critical")))) -> Low | H7: Home lab admin
F8: =IF(OR(D8="",E8=""),"",D8*E8) | G8: =IF(F8="","",IF(F8<=4,"Low",IF(F8<=9,"Medium",IF(F8<=14,"High","Critical"))))
F9: =IF(OR(D9="",E9=""),"",D9*E9) | G9: =IF(F9="","",IF(F9<=4,"Low",IF(F9<=9,"Medium",IF(F9<=14,"High","Critical"))))
F10: =IF(OR(D10="",E10=""),"",D10*E10) | G10: =IF(F10="","",IF(F10<=4,"Low",IF(F10<=9,"Medium",IF(F10<=14,"High","Critical"))))
F11: =IF(OR(D11="",E11=""),"",D11*E11) | G11: =IF(F11="","",IF(F11<=4,"Low",IF(F11<=9,"Medium",IF(F11<=14,"High","Critical"))))
F12: =IF(OR(D12="",E12=""),"",D12*E12) | G12: =IF(F12="","",IF(F12<=4,"Low",IF(F12<=9,"Medium",IF(F12<=14,"High","Critical"))))
F13: =IF(OR(D13="",E13=""),"",D13*E13) | G13: =IF(F13="","",IF(F13<=4,"Low",IF(F13<=9,"Medium",IF(F13<=14,"High","Critical"))))
F14: =IF(OR(D14="",E14=""),"",D14*E14) | G14: =IF(F14="","",IF(F14<=4,"Low",IF(F14<=9,"Medium",IF(F14<=14,"High","Critical"))))
F15: =IF(OR(D15="",E15=""),"",D15*E15) | G15: =IF(F15="","",IF(F15<=4,"Low",IF(F15<=9,"Medium",IF(F15<=14,"High","Critical"))))
F16: =IF(OR(D16="",E16=""),"",D16*E16) | G16: =IF(F16="","",IF(F16<=4,"Low",IF(F16<=9,"Medium",IF(F16<=14,"High","Critical"))))
F17: =IF(OR(D17="",E17=""),"",D17*E17) | G17: =IF(F17="","",IF(F17<=4,"Low",IF(F17<=9,"Medium",IF(F17<=14,"High","Critical"))))
F18: =IF(OR(D18="",E18=""),"",D18*E18) | G18: =IF(F18="","",IF(F18<=4,"Low",IF(F18<=9,"Medium",IF(F18<=14,"High","Critical"))))
F19: =IF(OR(D19="",E19=""),"",D19*E19) | G19: =IF(F19="","",IF(F19<=4,"Low",IF(F19<=9,"Medium",IF(F19<=14,"High","Critical"))))
... F25: =IF(OR(D25="",E25=""),"",D25*E25) | G25: =IF(F25="","",IF(F25<=4,"Low",IF(F25<=9,"Medium",IF(F25<=14,"High","Critical"))))

Sheet Controls
A1: Control Register
A2: Each control maps to one Annex A clause and treats one or more risks.
A4: Internal Control ID | B4: Annex A Control ID | C4: Annex A Control Name | D4: Risk ID Treated | E4: Implementation Description | F4: Status | G4: Evidence / Notes
A5: CTL-001 | B5: A.8.22 | C5: {=IFERROR(INDEX('Annex A Reference'!$C$5:$C$97,MATCH(B5,'Annex A Reference'!$A$5:$A$97,0)),"")} -> Segregation of networks | D5: RSK-001 | E5: Lab VMs isolated on a dedicated internal Proxmox bridge (vmbr1) with no physical uplink; NAT egress only, no inbound access from main LAN except via SSH tunnel | F5: Implemented | G5: Verified 30 Aug 2026: main-LAN device cannot reach 10.10.10.x directly; Eramba reachable only via SSH tunnel
A6: CTL-002 | B6: A.7.13 | C6: {=IFERROR(INDEX('Annex A Reference'!$C$5:$C$97,MATCH(B6,'Annex A Reference'!$A$5:$A$97,0)),"")} -> Equipment maintenance | D6: RSK-002 | E6: Carrying out periodic tasks such as renewing thermal paste and general dusting of the unit. | F6: Implemented | G6: Proxmox dashboard available for verification
A7: CTL-003 | B7: A.8.23 | C7: {=IFERROR(INDEX('Annex A Reference'!$C$5:$C$97,MATCH(B7,'Annex A Reference'!$A$5:$A$97,0)),"")} -> Web filtering | D7: RSK-003 | E7: A backup instance of Adguard is running alongside the primary. Should the primary fail the secondary will takeover. | F7: Implemented | G7: Can view the dashboard to observe the two adguards installed and running
C8: {=IFERROR(INDEX('Annex A Reference'!$C$5:$C$97,MATCH(B8,'Annex A Reference'!$A$5:$A$97,0)),"")}
C9: {=IFERROR(INDEX('Annex A Reference'!$C$5:$C$97,MATCH(B9,'Annex A Reference'!$A$5:$A$97,0)),"")}
C10: {=IFERROR(INDEX('Annex A Reference'!$C$5:$C$97,MATCH(B10,'Annex A Reference'!$A$5:$A$97,0)),"")}
C11: {=IFERROR(INDEX('Annex A Reference'!$C$5:$C$97,MATCH(B11,'Annex A Reference'!$A$5:$A$97,0)),"")}
C12: {=IFERROR(INDEX('Annex A Reference'!$C$5:$C$97,MATCH(B12,'Annex A Reference'!$A$5:$A$97,0)),"")}
C13: {=IFERROR(INDEX('Annex A Reference'!$C$5:$C$97,MATCH(B13,'Annex A Reference'!$A$5:$A$97,0)),"")}
C14: {=IFERROR(INDEX('Annex A Reference'!$C$5:$C$97,MATCH(B14,'Annex A Reference'!$A$5:$A$97,0)),"")}
C15: {=IFERROR(INDEX('Annex A Reference'!$C$5:$C$97,MATCH(B15,'Annex A Reference'!$A$5:$A$97,0)),"")}
C16: {=IFERROR(INDEX('Annex A Reference'!$C$5:$C$97,MATCH(B16,'Annex A Reference'!$A$5:$A$97,0)),"")}
C17: {=IFERROR(INDEX('Annex A Reference'!$C$5:$C$97,MATCH(B17,'Annex A Reference'!$A$5:$A$97,0)),"")}
C18: {=IFERROR(INDEX('Annex A Reference'!$C$5:$C$97,MATCH(B18,'Annex A Reference'!$A$5:$A$97,0)),"")}
C19: {=IFERROR(INDEX('Annex A Reference'!$C$5:$C$97,MATCH(B19,'Annex A Reference'!$A$5:$A$97,0)),"")}
... C25: {=IFERROR(INDEX('Annex A Reference'!$C$5:$C$97,MATCH(B25,'Annex A Reference'!$A$5:$A$97,0)),"")}
